"","component","value","sd","percent"
"1","mean_alpha_station",115.652564102564,78.5198114692234,5.71688403868335
"2","mean_beta_station",119.496851851852,60.5426364970936,5.9069130920342
"3","mean_beta_site",300.561111111111,260.603804168154,14.8571977810732
"4","beta_province",1492.8,0,73.7913989125062
