"","component","value","sd","percent"
"1","mean_alpha_station",29.1068376068376,11.8627087976985,23.1006647673314
"2","mean_beta_station",14.5754012345679,2.89450245328368,11.5677787575936
"3","mean_beta_site",26.4166666666667,18.6061145863396,20.9656084656085
"4","beta_province",56.8,0,45.0793650793651
