"component","mean","sd"
"mean_alpha_station",11.0216939635713,0.872921983038705
"mean_beta_station",3.49711963898759,1.0080654370829
"mean_beta_site",11.9289302718016,1.25095930648978
"beta_province",74.0974252379821,0.563821907517774
