"component","mean","sd"
"mean_alpha_station",6.00062327013623,0.0821687386938604
"mean_beta_station",5.7757080156681,0.0584246803292723
"mean_beta_site",14.8387295267651,0.0706931362363095
"beta_province",73.6715853024645,0.0951625044912568
