"","component","value","sd","percent"
"1","mean_alpha_station",89.6308949859747,25.2773113183814,5.23239316905866
"2","mean_beta_station",112.121379305855,48.5900947776918,6.54532278493021
"3","mean_beta_site",284.462121212121,338.738607370121,16.6060782960958
"4","beta_region",1226.25,0,71.584938704028
