"","component","value","sd","percent"
"1","mean_alpha_station",90.4870266479663,30.8871483418844,5.96486662148756
"2","mean_beta_station",120.843783518917,55.5429019247401,7.96597122735117
"3","mean_beta_site",320.616161616162,405.306153863164,21.1348821104919
"4","beta_region",984.666666666667,0,64.9088112502747
