"","component","value","sd","percent"
"1","mean_alpha_station",88.468085106383,67.8486142405154,5.83177884682815
"2","mean_beta_station",149.754151546982,132.518259464764,9.87173049090194
"3","mean_beta_site",240.462121212121,367.714653427452,15.8511615828689
"4","beta_region",1038.31564213451,0,68.445329079401
