"","component","value","sd","percent"
"1","mean_alpha_station",27.601268115942,6.94418583980788,7.023223439171
"2","mean_beta_station",36.9833886483886,23.3499992856643,9.41053146269431
"3","mean_beta_site",55.5878787878788,51.1453363620635,14.1444984193076
"4","beta_region",273.2,0,69.5165394402036
