"","component","value","sd","percent"
"1","mean_alpha_station",68.9042553191489,43.4380213882684,7.27605652789323
"2","mean_beta_station",101.694038253413,80.6401839048588,10.7385468060626
"3","mean_beta_site",132.878787878788,205.498453339846,14.0315509903683
"4","beta_region",643.52291854865,0,67.9538456756758
