"","component","value","sd","percent"
"1","mean_alpha_station",7.53201992753623,3.24528563932599,5.49782476462499
"2","mean_beta_station",10.5454004329004,4.18619175228952,7.69737257875944
"3","mean_beta_site",21.5795454545455,17.361866282933,15.7514930325149
"4","beta_region",97,0,70.8029197080292
