"","component","value","sd","percent"
"1","mean_alpha_station",7.79734848484848,3.51262909922258,2.83539944903581
"2","mean_beta_station",15.2094229087411,17.2426166781064,5.53069923954221
"3","mean_beta_site",40.5393939393939,44.1442645509656,14.7415977961433
"4","beta_region",211.8,0,77.0181818181818
