"","component","value","sd","percent"
"1","mean_alpha_station",7.6567270531401,2.82429964707952,4.47761815973105
"2","mean_beta_station",13.1783838383838,6.91419981689548,7.70665721542915
"3","mean_beta_site",22.930303030303,15.3361837091946,13.4095339358497
"4","beta_region",127,0,74.2690058479532
