"","component","value","sd","percent"
"1","mean_alpha_station",68.3404255319149,53.818402974649,6.52726127334431
"2","mean_beta_station",112.183716100076,98.563182205095,10.7147770869223
"3","mean_beta_site",161.719696969697,253.024195625803,15.4460073514515
"4","beta_region",704.756161398312,0,67.3119542882819
