"","component","value","sd","percent"
"1","mean_alpha_station",6.34564393939394,1.54976675760722,3.62608225108225
"2","mean_beta_station",7.92753591105864,6.55015915053753,4.53002052060494
"3","mean_beta_site",31.7159090909091,45.5989278878123,18.1233766233766
"4","beta_region",129.5,0,74
