"","component","value","sd","percent"
"1","mean_alpha_station",5.45744680851064,5.62380671905332,3.38971851460288
"2","mean_beta_station",13.5252029220779,15.0779829367826,8.40074715657014
"3","mean_beta_site",28.8409090909091,47.6163140203181,17.9136081309994
"4","beta_region",113.176441178502,0,70.2959261978275
