"","component","value","sd","percent"
"1","mean_alpha_station",69.9052127162225,29.7699446532721,6.67671563669747
"2","mean_beta_station",88.5730316920156,44.0982934258275,8.45969739178755
"3","mean_beta_site",215.626262626263,280.350420782301,20.594676468602
"4","beta_region",674,0,64.3744030563515
