"","component","value","sd","percent"
"1","mean_alpha_station",62.8829787234043,49.0680581520886,7.09740166178378
"2","mean_beta_station",98.2901920995671,83.8522425001717,11.093701139906
"3","mean_beta_site",132.878787878788,205.498453339846,14.9976058553937
"4","beta_region",591.948041298241,0,66.8112913429166
