"","component","value","sd","percent"
"1","mean_alpha_station",27.7872340425532,10.8438301573876,21.3747954173486
"2","mean_beta_station",19.9080342451666,10.4300175605005,15.313872496282
"3","mean_beta_site",19.3560606060606,26.9207975149878,14.8892773892774
"4","beta_region",62.9486711062196,0,48.422054697092
