"","component","value","sd","percent"
"1","mean_alpha_station",26.2168361383824,4.83003344267388,18.0805766471603
"2","mean_beta_station",18.9028194923516,8.38411549345528,13.0364272361045
"3","mean_beta_site",26.0681818181818,20.5537269928498,17.9780564263323
"4","beta_region",73.4,0,50.6206896551724
