"","component","value","sd","percent"
"1","mean_alpha_station",26.0766713417485,6.52888437147653,20.8613370733988
"2","mean_beta_station",16.5551180251715,6.57977721717531,13.2440944201372
"3","mean_beta_site",25.8080808080808,28.9365274374933,20.6464646464646
"4","beta_region",56,0,44.8
