"","component","value","sd","percent"
"1","mean_alpha_station",28.1234567901235,11.4721213339659,22.4987654320988
"2","mean_beta_station",19.9480570409982,10.7948220288398,15.9584456327986
"3","mean_beta_site",25.8080808080808,28.9365274374933,20.6464646464646
"4","beta_region",51.1204053607975,0,40.896324288638
