"","component","value","sd","percent"
"1","mean_alpha_transect",50.568253968254,20.8577943654676,2.83136920314972
"2","mean_beta_transect",17.7049981824791,21.0538631483504,0.991321286812939
"3","mean_beta_site",151.71119138689,143.459793433311,8.49446760284937
"4","beta_region",1579.1875,0,88.420352743561
