"province","site","motu","genus","family","mean_motu","sd_motu","mean_genus","sd_genus","mean_family","sd_family"
"Western_Coral_Triangle","site43",538,198,79,163.777777777778,50.5415120909975,79.5555555555556,16.5311154426366,42.7777777777778,5.6740148435164
"Western_Coral_Triangle","site44",343,137,60,164,54.9241901776136,81,18.0185090023194,40.5,2.88675134594813
"Western_Coral_Triangle","site45",277,129,57,74.1666666666667,39.2907962081028,44.8333333333333,18.0822196277633,29.1666666666667,5.67156650905785
"Western_Coral_Triangle","site52",39,29,21,27,0,21,1.4142135623731,15,0
"Western_Coral_Triangle","site51",129,70,37,75,29.698484809835,43.5,12.0208152801713,26,5.65685424949238
"Western_Coral_Triangle","site47",125,67,42,77.5,28.9913780286484,45,14.142135623731,31,7.07106781186548
"Western_Coral_Triangle","site46",223,105,53,83,22.905603390146,50.5,11.6761865920913,32,8.28653526310404
"Western_Coral_Triangle","site48",203,103,49,132.5,27.5771644662754,74.5,16.2634559672906,37.5,6.36396103067893
"Western_Coral_Triangle","site50",26,22,16,26,NA,22,NA,16,NA
