"province","site","motu","genus","family","mean_motu","sd_motu","mean_genus","sd_genus","mean_family","sd_family"
"Tropical_Northwestern_Atlantic","site6",28,17,22,14,15.556349186104,8.5,7.77817459305202,11,11.3137084989848
"Tropical_Northwestern_Atlantic","site4",56,32,24,21,10.8627804912002,13.75,7.27438428093173,10.25,6.18465843842649
"Tropical_Northwestern_Atlantic","site3",99,52,41,34.1666666666667,27.0067892698608,20.1666666666667,14.6753762018787,17.5,11.379806676741
"Tropical_Northwestern_Atlantic","site5",64,35,28,30.75,19.7716126470925,19,11.0151410945722,17,8.98146239020499
"Tropical_Northwestern_Atlantic","site1",133,76,50,71.9,13.9399505817712,44,8.43274042711568,32.7,5.57872944515346
"Tropical_Northwestern_Atlantic","site9",119,58,41,79.25,6.70198975429437,44.25,4.5,32,2.94392028877595
