"province","site","motu","genus","family","mean_motu","sd_motu","mean_genus","sd_genus","mean_family","sd_family"
"Western_Coral_Triangle","site43",562,205,84,148.909090909091,56.1577324069527,73.5454545454545,20.1462832123627,41.4545454545455,6.51711034682759
"Western_Coral_Triangle","site44",359,142,63,147.6,60.0608025254408,75.6,19.7306867594618,39.2,3.83405790253616
"Western_Coral_Triangle","site45",376,155,70,83.9,32.6443801527239,49,14.7120509938093,31.7,5.63816360962405
"Western_Coral_Triangle","site48",298,130,60,97.2,49.1243320565277,54.2,25.820534463872,31.8,10.0349389634417
"Western_Coral_Triangle","site50",44,32,24,26,0,20,2.82842712474619,16,0
"Western_Coral_Triangle","site52",39,29,21,27,0,21,1.4142135623731,15,0
"Western_Coral_Triangle","site51",129,70,37,75,29.698484809835,43.5,12.0208152801713,26,5.65685424949238
"Western_Coral_Triangle","site47",171,89,55,83.6666666666667,23.1156512634477,49,12.1655250605964,34,7.21110255092798
"Western_Coral_Triangle","site46",276,124,64,84.3333333333333,18.5652004208591,49.8333333333333,9.74508423086567,33.1666666666667,6.735478206235
