"region","site","motu","genus","family","mean_motu","sd_motu","mean_genus","sd_genus","mean_family","sd_family"
"South_West_Pacific","gatope",310,145,64,85.875,27.1631972660489,54.125,12.8889487546502,30.75,7.20614816865234
"South_West_Pacific","st_vincent",340,147,60,80.5555555555556,51.3836333648933,48.5555555555556,22.2941198027143,26.7777777777778,7.9337534902746
"South_West_Pacific","golone",373,148,61,116,50.8049491402448,59.5,20.6674347015506,32.75,6.7981089807597
"South_West_Pacific","nepoui",355,146,62,110.75,52.4669964290478,60.375,25.2130210123941,31.75,8.92428468522028
"South_West_Pacific","noumea",194,94,42,36.625,31.7667278768211,23.125,16.805080014261,15.625,9.57582521621132
"South_West_Pacific","bourail",372,153,72,135,38.4144070195892,73,17.9443584449264,37.8571428571429,7.96719464279557
