"province","site","motu","genus","family","mean_motu","sd_motu","mean_genus","sd_genus","mean_family","sd_family"
"Tropical_Southwestern_Pacific","site57",339,150,64,168.666666666667,19.6044212700435,92.6666666666667,8.32666399786453,42.6666666666667,4.50924975282289
"Tropical_Southwestern_Pacific","site54",336,146,60,157.333333333333,83.512474118142,78.6666666666667,33.2615894589139,40,9.16515138991168
"Tropical_Southwestern_Pacific","site58",378,147,61,189,80.2932126645833,86.3333333333333,22.5462487641145,42.3333333333333,5.85946527708232
"Tropical_Southwestern_Pacific","site56",359,149,62,187.666666666667,61.4518781920726,93.3333333333333,22.8108161479008,43.6666666666667,4.93288286231625
"Tropical_Southwestern_Pacific","site53",179,88,38,72.3333333333333,35.6978057215473,43.6666666666667,16.5630109984065,23.6666666666667,6.65832811847939
"Tropical_Southwestern_Pacific","site55",383,156,71,237.666666666667,10.0664459136943,107.666666666667,8.50490054811538,53.6666666666667,3.05505046330389
