"region","site","motu","genus","family","mean_motu","sd_motu","mean_genus","sd_genus","mean_family","sd_family"
"Caribbean","guadeloupe",120,65,42,21.7058823529412,16.5028963589818,12.9411764705882,9.0171405406266,12,8.20060973342836
"Caribbean","providencia",140,76,49,74.9,13.682511140544,43.8,7.82872204698116,32.6,5.33749837366616
"Caribbean","santa_marta",116,53,41,74,6.21825270205921,38.75,2.98607881119482,31,3.74165738677394
