"region","site","motu","genus","family","mean_motu","sd_motu","mean_genus","sd_genus","mean_family","sd_family"
"Caribbean","guadeloupe",180,67,43,31.4705882352941,25.2317202323257,13.1764705882353,8.87577668515302,12.4705882352941,7.99310364516518
"Caribbean","providencia",227,77,51,119.8,23.2703912969058,44,8,33.5,5.48229473446618
"Caribbean","santa_marta",188,53,43,121.5,9.9498743710662,38.75,2.98607881119482,32,3.91578004149024
