"region","site","motu","genus","family","mean_motu","sd_motu","mean_genus","sd_genus","mean_family","sd_family"
"South_West_Pacific","GATOPE",310,145,63,85.875,27.1631972660489,54.125,12.8889487546502,29.75,7.20614816865234
"South_West_Pacific","STVINCENT",341,147,60,80.8888888888889,51.5447486278778,48.5555555555556,22.2941198027143,26.1111111111111,8.05363961889971
"South_West_Pacific","GOLONE",374,148,61,116.25,51.2215077593666,59.5,20.6674347015506,32.125,6.99872437356572
"South_West_Pacific","NEPOUI",356,146,62,111.125,52.8081094962831,60.375,25.2130210123941,31.125,9.23405962417707
"South_West_Pacific","NOUMEA",194,94,41,36.625,31.7667278768211,23.125,16.805080014261,15.25,9.11435288824328
"South_West_Pacific","BOURAIL",373,153,72,135.714285714286,38.6510641755795,73,17.9443584449264,37.5714285714286,8.05930399925334
