"region","site","motu","genus","family","mean_motu","sd_motu","mean_genus","sd_genus","mean_family","sd_family"
"West_Indian","europa",173,87,49,93.75,35.0654150600465,51.75,17.5380538639079,30,11.1654228162962
"West_Indian","juan_de_nova",107,58,31,34.2,9.09395403551173,22.6,5.68330889535313,15.4,4.56070170039655
"West_Indian","glorieuse",216,108,45,130.75,27.741365022892,73,12.1928941054479,35.25,3.5939764421413
"West_Indian","tromelin",93,52,28,45,33.7786915081091,27.3333333333333,18.0092568789868,17.6666666666667,6.65832811847939
