"region","site","motu","family","mean_motu","sd_motu","mean_family","sd_family"
"Caribbean","guadeloupe",180,43,31.4705882352941,25.2317202323257,12.4705882352941,7.99310364516518
"Caribbean","providencia",227,51,119.8,23.2703912969058,33.5,5.48229473446618
"Caribbean","santa_marta",188,43,121.5,9.9498743710662,32,3.91578004149024
