"region","site","motu","genus","family","mean_motu","sd_motu","mean_genus","sd_genus","mean_family","sd_family"
"West_Indian","europa",169,84,49,91.75,32.968419232148,50.25,15.9243000892766,30.5,10.6301458127346
"West_Indian","juan_de_nova",107,58,32,34.2,9.09395403551173,22.6,5.68330889535313,15.8,4.43846820423443
"West_Indian","glorieuse",216,108,46,130.75,27.741365022892,73,12.1928941054479,36.25,3.5939764421413
"West_Indian","tromelin",93,52,29,45,33.7786915081091,27.3333333333333,18.0092568789868,18,7.21110255092798
